ids,next_cursor_str
14418272,0
634869731,0
878038796,0
797260410,0
773573846091825e3,0
4010041251,0
3065876356,0
950407533033935e3,0
836600064655122e3,0
413134503,0
849793688901476e3,0
898499580735762e3,0
779063627693199e3,0
2656289946,0
101201854521803e4,0
720649692577669e3,0
2910999702,0
1380929676,0
3029481950,0
354974684,0
78447335129718e4,0
2610820098,0
169184179,0
3133005544,0
15529195,0
429973980,0
2247206083,0
2626047054,0
958521113385959e3,0
122780011,0
25561406,0
1.0511788624937999e+18,0
1.0068061469744399e+18,0
105092763012239e4,0
2890783119,0
2300495568,0
973494603658777e3,0
1.0506617864819599e+18,0
104866292909941e4,0
3008713792,0
92804556976289e4,0
458441098,0
4179971069,0
3346038147,0
229564414,0
740551548967649e3,0
2951908043,0
303986401,0
3012024526,0
2350420334,0
295793931,0
40476869,0
930915612842447e3,0
71809382207343e4,0
203082290,0
313535389,0
14350106,0
2821568406,0
104912946740119e4,0
2458115778,0
36122280,0
760608425055093e3,0
318139041,0
486331388,0
723047418,0
2958991190,0
18100201,0
251786093,0
182938769,0
392711259,0
114041625,0
776431329437024e3,0
104749106436872e4,0
8.2926560307251994e+17,0
1118367558,0
460762051,0
885727429548925e3,0
545281232,0
2378019072,0
281360322,0
342411712,0
67967125,0
882294108882162e3,0
104786887471506e4,0
319392743,0
1.0318213346306801e+18,0
117357223,0
716457471737524e3,0
350453019,0
84825505,0
104807035948269e4,0
2562279086,0
16585174,0
727163763242209e3,0
858004774372876e3,0
42715473,0
1395579505,0
2347634144,0
72375188,0
2957683736,0
1942532082,0
431088467,0
101704365955503e4,0
298836457,0
345609141,0
937917734,0
2592559838,0
241807596,0
945383836979945e3,0
3354693549,0
611419149,0
1004962160,0
35132550,0
104074865644856e4,0
970476888,0
824909099007488e3,0
821044094990512e3,0
2235803052,0
104199052527499e4,0
933993004133732e3,0
992414980795458e3,0
9831589743703e5,0
2997101668,0
68051786,0
981957793904243e3,0
64821888,0
2291451770,0
4239337282,0
308091924,0
76212958,0
156520591,0
104519615730607e4,0
897892615,0
264376656,0
725685858775499e3,0
1935664448,0
1733724360,0
4706665425,0
52248335,0
22316320,0
788105434536215e3,0
33774346,0
255875635,0
29734050,0
17269423,0
13581882,0
719707506952577e3,0
1730244469,0
2593634844,0
2948716176,0
2164573802,0
3974632948,0
104588619059402e4,0
164026255,0
906860495696777e3,0
104571716502077e4,0
865170249410335e3,0
2876492027,0
82582747,0
834400285,0
20149686,0
62217160,0
912663271,0
781566057945391e3,0
389036156,0
877249735320621e3,0
104506750448008e4,0
103186504135034e4,0
257836940,0
160005137,0
30883467,0
930519496892097e3,0
291570093,0
897478702128275e3,0
104547484854854e4,0
783921780733936e3,0
17887541,0
101253839000311e4,0
103775280609728e4,0
50216466,0
984216972618551e3,0
10450133871624e5,0
844924820,0
936061093390242e3,0
134017888,0
2371338838,0
2510690641,0
66435928,0
948648704210186e3,0
1080894362,0
3233885189,0
733407223,0
473307285,0
230954247,0
52105104,0
21709050,0
93775185,0
606193743,0
386314985,0
78331327,0
345855648,0
1862137760,0
592013302,0
6740622,0
15678072,0
411215096,0
104317264101059e4,0
926961529521443e3,0
17930238,0
159828598,0
182241198,0
2966835155,0
117519847,0
374157370,0
199116215,0
66386286,0
104211316514696e4,0
1976744485,0
1541739440,0
2907277769,0
840682399,0
801832299281207e3,0
102080303657312e4,0
3241754023,0
886942615467426e3,0
897522797123187e3,0
103632852243497e4,0
1450472929,0
88622481,0
753313998058189e3,0
998690288083206e3,0
3226111629,0
2901078529,0
329329713,0
965755667200885e3,0
104195511496838e4,0
9800722,0
267653323,0
353817664,0
253412938,0
14120434,0
284284121,0
2815503098,0
781755979,0
292759417,0
353139378,0
964072678020837e3,0
996380733777371e3,0
936773227,0
1733993412,0
151185607,0
959599787946533e3,0
169411292,0
68234034,0
570063621,0
66818765,0
577197134,0
2233551997,0
1117333567,0
791721269129458e3,0
2830550816,0
108979413,0
832546065668768e3,0
1.0044625743380401e+18,0
964265037127758e3,0
73705532,0
935238336670765e3,0
104131111555095e4,0
2367736915,0
914119495823843e3,0
120562313,0
26692931,0
28615695,0
41419477,0
100895235,0
462721329,0
808015576769642e3,0
1899489914,0
7.7549360584261606e+17,0
974328008,0
102995581569072e4,0
191668832,0
41731386,0
1.0400704040717199e+18,0
273776370,0
103954895577074e4,0
88430171,0
73562736792689e4,0
3304917038,0
102246042947655e4,0
504853770,0
21279264,0
103219238901906e4,0
722249450211709e3,0
9297212,0
97058402,0
724308764,0
52999693,0
98461666834835e4,0
633543615,0
595525963,0
995705377,0
800566514021638e3,0
920110446581092e3,0
410813159,0
3078824919,0
996735440970494e3,0
103643386748016e4,0
21310735,0
36287866,0
19122350,0
101625513563753e4,0
1510014252,0
103942378485866e4,0
3039473806,0
75958753,0
42015609,0
844665951610196e3,0
908442892733174e3,0
561996276,0
956458487822848e3,0
89291371,0
774090280425427e3,0
820662038284407e3,0
896639467519222e3,0
1092584221,0
822340808,0
887958743132099e3,0
795235992,0
2762225008,0
757702122,0
67380215,0
2990000033,0
775747826819006e3,0
3363383338,0
105377278,0
4796553994,0
259149020,0
334613783,0
20295678,0
391157533,0
1676072911,0
303750320,0
3187318269,0
236762632,0
90113197603131e4,0
103698004494043e4,0
63850630,0
821964734,0
2848686809,0
56002317,0
722607294320611e3,0
28047225,0
317500172,0
56858243,0
3000185672,0
1305240096,0
861682439252529e3,0
506475179,0
728901091551678e3,0
216639467,0
387195755,0
1683055766,0
70941296,0
159357706,0
2654417848,0
242928147,0
374397006,0
728932634190066e3,0
879536914004685e3,0
867491310621602e3,0
36602303,0
103228784544309e4,0
522126905,0
998511141964874e3,0
25215810,0
103800841608042e4,0
103176425370175e4,0
808836832838435e3,0
1913013433,0
173630299,0
17393022,0
316215253,0
938262812,0
4843948528,0
903985255459246e3,0
621273565,0
4541637316,0
980577746,0
554905679,0
262805048,0
256768216,0
112501968,0
916511758201868e3,0
306431296,0
2841890409,0
966829988573049e3,0
177425559,0
166243465,0
573760145,0
30965518,0
4905970306,0
96933455,0
932636273088512e3,0
945005243250639e3,0
4031275793,0
103225313671354e4,0
852925116514095e3,0
103683292601129e4,0
297549226,0
2281192266,0
27683238,0
14115634,0
1039821300,0
452666665,0
3628184952,0
304584017,0
3325127114,0
101920483469047e4,0
2321125168,0
51127090,0
870126416054161e3,0
2851145992,0
16061930,0
4833760577,0
108076200,0
923216161390715e3,0
701576202805326e3,0
29861866,0
103548642535195e4,0
14287838,0
465581041,0
24804355,0
518118981,0
1348698072,0
4911181019,0
140840198,0
346491435,0
3325386082,0
991417399302873e3,0
362957762,0
3234404271,0
908616863935894e3,0
997835059360084e3,0
237134890,0
495187663,0
1533025532,0
23052945,0
147494475,0
102522196865473e4,0
3686469799,0
15019068,0
950798277997314e3,0
1388915306,0
68677937,0
624875226,0
15536837,0
102807768514093e4,0
2288627125,0
925400739131855e3,0
80428539,0
554736014,0
776888890225418e3,0
288551988,0
103099294495693e4,0
1281115543,0
132563399,0
1887776006,0
101348323136529e4,0
991979427155325e3,0
12633332,0
46634022,0
35411075,0
336369087,0
1280532078,0
1976706350,0
65014671,0
720917607910474e3,0
9.3857848847856794e+17,0
10271060685965e5,0
118116958,0
408513513,0
432482875,0
3143283584,0
15457345,0
996253236,0
2865855045,0
961986710438588e3,0
83935857,0
11925,0
958882411386999e3,0
721247587,0
878722030895583e3,0
391588165,0
100224881509145e4,0
2230116432,0
570767951,0
3271171080,0
2477120568,0
2273399486,0
779014978204336e3,0
15706834,0
462090533,0
209579910,0
24016401,0
805136979750887e3,0
942199527225876e3,0
1278011,0
850873813847998e3,0
23935538,0
839925805799059e3,0
21197393,0
2664217591,0
2952538798,0
2677992763,0
2382238262,0
3906698114,0
298482234,0
1596212425,0
2533357049,0
35038449,0
30871180,0
913836451,0
4804812859,0
937058007841722e3,0
394101555,0
831258793740694e3,0
36804537,0
7.9439738871877606e+17,0
219756384,0
425606102,0
134971991,0
103008210913275e4,0
72471583744213e4,0
2777544783,0
869080379608764e3,0
262074800,0
304905021,0
567537377,0
403329732,0
2215036300,0
3416156535,0
102782718372354e4,0
793488377949585e3,0
101814265496029e4,0
347270859,0
102967421934342e4,0
25062882,0
3268486724,0
373909376,0
851099350537306e3,0
100366691893339e4,0
116367024,0
4262960207,0
413920861,0
102928163841539e4,0
1421760829,0
112516163,0
199800305,0
4816989693,0
27155040,0
264458612,0
218856041,0
2851659682,0
850726027634627e3,0
394437753,0
489821586,0
954294295875412e3,0
3094228828,0
759996546,0
932838569948996e3,0
94910867,0
17498922,0
929192803,0
76043136,0
91422408,0
2839504135,0
237517036,0
3076350185,0
185483363,0
891418863845474e3,0
101143848607387e4,0
102904000572809e4,0
2442051067,0
10995982,0
247839776,0
1545908220,0
475136310,0
191974373,0
271058786,0
601258311,0
391018854,0
102648208489288e4,0
815699347,0
901937313105707e3,0
329338752,0
102193671847849e4,0
2827535961,0
184200446,0
795092133870965e3,0
1859644038,0
877894967456391e3,0
936354116749599e3,0
100982422865122e4,0
3607238235,0
6006592,0
99396989,0
1270014830,0
51460463,0
770309300,0
903434686663447e3,0
13598712,0
312685589,0
2748542682,0
8.1173021558410394e+17,0
60833533,0
876864393438523e3,0
711747804,0
4665309433,0
3063586453,0
2439142170,0
708927803580764e3,0
1862392093,0
490416468,0
24328557,0
123591587,0
464906075,0
948555241376702e3,0
130264443,0
901057406188368e3,0
1279236668,0
128572388,0
394985896,0
297409448,0
56354022,0
512641583,0
292697546,0
100587875197091e4,0
1.0036517064613199e+18,0
102638366420729e4,0
1468375309,0
877947755846566e3,0
2590766724,0
90055917,0
102552756150019e4,0
1235775710,0
85771255192431e4,0
783257638167417e3,0
291518839,0
102393980613963e4,0
102265388856493e4,0
30709279,0
1449414956,0
2811677349,0
871808485167702e3,0
510488907,0
61374105,0
853157371425825e3,0
765155589299339e3,0
886271122337137e3,0
885799700,0
8097452,0
2779498763,0
2402207803,0
10239820631653e5,0
233790048,0
770158041757024e3,0
938806454257111e3,0
1475188322,0
372710787,0
1254046698,0
3245137942,0
3960391753,0
3518051,0
15880436,0
356190172,0
3239019327,0
891026332162896e3,0
3047534587,0
306314770,0
896039627819299e3,0
2875183165,0
49348109,0
957248336494514e3,0
307527281,0
2572038015,0
797842287246111e3,0
973317951561654e3,0
15290126,0
26109077,0
617957694,0
558176502,0
286930419,0
57389454,0
765591620121006e3,0
118816519,0
23294326,0
877595883700965e3,0
1285060405,0
474935385,0
85337127976799e4,0
24514075,0
61537184,0
16288141,0
37116662,0
53144530,0
3344986445,0
859823070021865e3,0
102033508136837e4,0
397805440,0
166390394,0
179601613,0
55672278,0
790983768,0
100441354110813e4,0
74380211290001e4,0
10137426932253e5,0
398725192,0
101706566763845e4,0
101950336387501e4,0
1341654847,0
969256969377808e3,0
23549430,0
3390676139,0
2834568573,0
144748087,0
324098860,0
921286767117926e3,0
1709844884,0
96291954,0
3079929572,0
617991656,0
1236726956,0
1188215564,0
817123152,0
69228049,0
944231,0
184828279,0
217439108,0
19429174,0
2526730946,0
30874485,0
64356501,0
888187197492404e3,0
924888105898922e3,0
173387969,0
405366934,0
1076603972,0
101665255715704e4,0
9.6620242678408806e+17,0
275635063,0
925853067232317e3,0
989820304531878e3,0
9.2071334924304794e+17,0
29811214,0
21741770,0
2331871578,0
100982074172498e4,0
101647761584923e4,0
975095497248535e3,0
101016032613706e4,0
2397531956,0
101273144676158e4,0
767406438255849e3,0
103638498,0
101126428884825e4,0
2184372928,0
933813147244343e3,0
505197854,0
334553913,0
20525781,0
1356383977,0
2244090240,0
156133278,0
18914153,0
1286103888,0
238593223,0
223669139,0
483842786,0
397424516,0
16019456,0
1151485051,0
969365587,0
930970312094646e3,0
23876231,0
3242080279,0
93557551587602e4,0
101292545671735e4,0
994635692633276e3,0
915916059982606e3,0
143647844,0
6898192,0
1896665100,0
96305782,0
3002238221,0
3361921993,0
3659686453,0
2565648657,0
94432448754942e4,0
34555593,0
930036628432806e3,0
374709603,0
757507002,0
2384444011,0
66843277,0
3436361038,0
1977619399,0
1.0138262849532401e+18,0
727433211144491e3,0
20885226,0
776508019484029e3,0
703738532,0
3177400710,0
704588974124356e3,0
926272241737888e3,0
35340310,0
2656076710,0
883429558082576e3,0
87066368,0
541618094,0
101141122269101e4,0
790200960341668e3,0
100046556176624e4,0
2413657237,0
7.6634488797338394e+17,0
14867154,0
17505767,0
466069338,0
17704540,0
821471328968573e3,0
330037586,0
472600999,0
790726546197778e3,0
17160178,0
3141752345,0
1.0000327620641999e+18,0
67891530,0
409757112,0
1045412515,0
107005645,0
888554610,0
825917739860505e3,0
23364491,0
255394479,0
82792666,0
360857863,0
881530736,0
283903932,0
2722601691,0
302960073,0
101065587407394e4,0
390976895,0
1337508949,0
921152217305858e3,0
3485001914,0
66603252,0
625398773,0
72394415,0
19736743,0
792633602601202e3,0
2270352624,0
4658209888,0
9.0852981173519206e+17,0
2833400702,0
136642171,0
312948491,0
481361734,0
19510799,0
862132491146203e3,0
593999563,0
253524934,0
123788694,0
267565565,0
769617489349186e3,0
64494971,0
8.0507770687864806e+17,0
64195406,0
147950422,0
608387763,0
1493169601,0
113733070,0
382827939,0
22512143,0
2569962636,0
16184748,0
628186626,0
44333,0
18834117,0
3409901933,0
786332275755459e3,0
938571316831105e3,0
145670866,0
997004696031146e3,0
188954828,0
4675087285,0
635461105,0
820095954,0
720367075567362e3,0
1235909851,0
78060450,0
16825788,0
2329498028,0
1319818424,0
100379544359829e4,0
306796594,0
330494007,0
163611072,0
350361923,0
142228565,0
719118906,0
367943237,0
3247353003,0
1.0124660766749199e+18,0
67331156,0
780596282612036e3,0
902926245129806e3,0
3176063541,0
21290014,0
836343021394354e3,0
2695416516,0
485356482,0
299753128,0
90507461,0
185541599,0
473263232,0
857296650561139e3,0
417444726,0
17979810,0
178875103,0
19427121,0
1019627760,0
344933743,0
2728283653,0
920371302527062e3,0
2176743332,0
3112028923,0
854416919318983e3,0
222350047,0
4066088589,0
2991896697,0
83903591,0
198041332,0
539064556,0
987712664376889e3,0
2790834614,0
1060606052,0
14252342,0
3067214533,0
151539569,0
39382549,0
7.8052924086952806e+17,0
2295019880,0
739968166680367e3,0
332850494,0
3890284e3,0
53167706,0
2273959555,0
57653417,0
807374640553206e3,0
1012444081,0
75965553,0
807752732,0
85726330,0
107434007,0
274878186,0
190080055,0
113388197,0
307657471,0
854226651944825e3,0
2788176234,0
457507095,0
18498329,0
123439791,0
2724119863,0
868740342,0
1198533248,0
191570322,0
1019226535,0
1699767620,0
16967039,0
955136339007164e3,0
202454569,0
16529101,0
834235157875978e3,0
212100600,0
48155963,0
370904093,0
88437092395187e4,0
466153018,0
970469105005457e3,0
139105965,0
9906812,0
92221473,0
9.6935315200784794e+17,0
751851029742948e3,0
296406955,0
556803280,0
3196767276,0
2494166042,0
829693453114155e3,0
877152070926815e3,0
752944788433932e3,0
177770848,0
122462547,0
12612002,0
2571164636,0
563988228,0
190585782,0
944579143152427e3,0
88209303,0
100595045467157e4,0
1029629071,0
3846146780,0
64496701,0
159983117,0
862306639,0
4036077013,0
790201542636868e3,0
2841155877,0
2263642369,0
927722235674137e3,0
31017151,0
958930378634482e3,0
1501540033,0
867576025231876e3,0
342908552,0
141010061,0
883792370571104e3,0
3252140220,0
359429232,0
58159850,0
2931985511,0
129571306,0
788383057581605e3,0
153543050,0
39095954,0
82419015,0
2544114145,0
2715720395,0
4743549377,0
131942721,0
4757323219,0
49974040,0
2689573459,0
786664644,0
2774054918,0
312295459,0
14413374,0
10115805980691e5,0
883625223773274e3,0
1149682771,0
29855603,0
37428060,0
262998971,0
106756332,0
100584918672466e4,0
402981538,0
93018926,0
56392329,0
14531576,0
3004510880,0
1585404372,0
990972260872868e3,0
3319186506,0
101004892804845e4,0
19873323,0
2572860025,0
1235626536,0
59440462,0
27503534,0
981407121366487e3,0
40189989,0
1307251459,0
32999888,0
3655310735,0
282790997,0
951834077560214e3,0
91730209039711e4,0
932524481268126e3,0
395544233,0
850121857,0
363414935,0
42019124,0
724882062503715e3,0
825877183,0
988884663262331e3,0
1857184110,0
45803025,0
840523627883856e3,0
23508203,0
1717137505,0
182088443,0
2779481039,0
400908003,0
36098049,0
304450836,0
17879933,0
3367230723,0
257542749,0
2156099296,0
96650503863289e4,0
726288590,0
3753717148,0
97813987,0
884319857696797e3,0
2897058024,0
923196051716235e3,0
862511748716286e3,0
25037006,0
376035484,0
400629994,0
3851730972,0
940854314750398e3,0
2241227124,0
146803082,0
979126680038994e3,0
789559253044527e3,0
20048494,0
21114887,0
322886464,0
20186975,0
211113062,0
3086295060,0
1168124292,0
731360706,0
875586200748253e3,0
40224800,0
1355592013,0
56030808,0
67419872,0
286869902,0
119964423,0
25428227,0
160227163,0
358030605,0
347069236,0
3301964953,0
217464316,0
282988061,0
100488702745883e4,0
1567541287,0
2851871147,0
2801252524,0
178179332,0
106079210,0
78119981251541e4,0
174525863,0
2544473462,0
834222992,0
45049742,0
778766263950737e3,0
2880601650,0
42796751,0
29847848,0
97445213,0
281291759,0
13144942,0
38276758,0
769995876,0
2241728346,0
100953601973621e4,0
195502622,0
35411884,0
15055888,0
1201936778,0
917513080153821e3,0
967848287393874e3,0
173682531,0
1388496048,0
213767985,0
17984475,0
2319333705,0
2326182462,0
26577592,0
245987858,0
28746148,0
2439869017,0
292416330,0
219932455,0
773864064879657e3,0
4653625456,0
41509348,0
101066411660691e4,0
106091106,0
101054227442872e4,0
187548221,0
1.0109698865065999e+18,0
55312653,0
38934230,0
23242773,0
2978125883,0
2335868185,0
825297624219648e3,0
992420980374016e3,0
100408877541535e4,0
25241916,0
21274928,0
2649392725,0
2905132587,0
836703417749889e3,0
2296494217,0
368744595,0
951071558918865e3,0
4444763955,0
16367258,0
2979652581,0
821710004126368e3,0
2451729446,0
968190908951822e3,0
38222781,0
2307433770,0
324645646,0
77442727,0
2161589983,0
338227981,0
981365614265676e3,0
2836100514,0
998754576231797e3,0
2491109244,0
906831842438996e3,0
16728586,0
855027618302874e3,0
257396748,0
537813837,0
603045114,0
899008027050865e3,0
3132199017,0
553926031,0
396052991,0
871873266,0
1001852898396e6,0
2223945424,0
797223529599017e3,0
994773663168848e3,0
901331045353755e3,0
227227412,0
1723103544,0
1672364701,0
28912860,0
49971114,0
788512182,0
824054405578101e3,0
1392594517,0
208669753,0
1244340722,0
100575822,0
100616250091053e4,0
3535064414,0
235633458,0
825751645,0
704214168,0
83964264,0
111618099,0
273420429,0
147747982,0
29883857,0
315993987,0
2601266893,0
1.0024037334504399e+18,0
98445488,0
1670781,0
3774485535,0
2397651115,0
10169162,0
3309541441,0
9224781308032e5,0
2307900112,0
81721438,0
80765144,0
899211248692318e3,0
987889936216052e3,0
17493381,0
2876078391,0
16672469,0
113845219,0
557974864,0
948441564040303e3,0
574078733,0
41273,0
884394118394372e3,0
331925772,0
2924382668,0
100023166780865e4,0
821098012596404e3,0
424688012,0
36409608,0
61190451,0
24837912,0
3301872015,0
51844769,0
4620687455,0
228664938,0
18105957,0
100535766494213e4,0
1.0027545753366001e+18,0
83914363701554e4,0
9.0472499022183194e+17,0
949768903902814e3,0
714757570,0
190002528,0
553163874,0
56625504,0
3087407419,0
9457146883688e5,0
14579711,0
22918747,0
819175705087017e3,0
1601966971,0
9.1422098955842406e+17,0
103592710,0
780989782365237e3,0
750009883383169e3,0
74137635,0
39324305,0
270882191,0
500317302,0
953468743216058e3,0
291973967,0
989689515462873e3,0
33179657,0
890004324310544e3,0
842260080,0
739158486,0
2429747641,0
289903961,0
4038219677,0
1215696524,0
501999951,0
303413753,0
52643258,0
296519142,0
194057594,0
3180661,0
14103467,0
780429268866052e3,0
715795572473663e3,0
907346493249659e3,0
37201992,0
2920208087,0
20113611,0
91685565,0
19073044,0
93359333183719e4,0
17906918,0
833768135182397e3,0
14512581,0
300229123,0
312176265,0
82695386520338e4,0
161497531,0
963884836162343e3,0
215300210,0
50509326,0
20667035,0
8524902,0
397747263,0
921731536877007e3,0
38790436,0
274896407,0
9547712,0
3311584603,0
363404726,0
1976681610,0
34930159,0
14715819,0
764941116412047e3,0
1378854836,0
148820428,0
116214228,0
872965298390958e3,0
749359926430962e3,0
81348732150922e4,0
4872003261,0
472329040,0
418674105,0
954021682443969e3,0
1975122145,0
2925888557,0
11452742,0
391815593,0
2439206280,0
100495114514241e4,0
4596389293,0
989212461294346e3,0
291752169,0
3585803181,0
250211377,0
2999368819,0
15826695,0
28308685,0
374449817,0
100236174525883e4,0
3316040703,0
4149222498,0
741164612,0
42861772,0
441302973,0
179964255,0
4912308346,0
759267781,0
984480723863331e3,0
1272816607,0
827955173175677e3,0
200477115,0
898310178847588e3,0
59082780,0
1692682164,0
1865802540,0
124898265,0
555387752,0
302152401,0
3818846415,0
3420520025,0
805454573699641e3,0
33251783,0
226476850,0
853617092,0
2449352779,0
43141681,0
2989966781,0
3246338695,0
906998628333617e3,0
1074366379,0
267566988,0
415075929,0
3386341753,0
1289921509,0
9284692,0
1377800676,0
816283526,0
202465755,0
246259846,0
3599118977,0
223348930,0
73999362,0
987364840430748e3,0
402371601,0
10001148540517e5,0
3774544575,0
442293052,0
750468443694969e3,0
44560799,0
3195926298,0
14912748,0
3092093607,0
122918503,0
20248926,0
4553307973,0
31749857,0
20169099,0
1304939468,0
495153224,0
778789281443611e3,0
949337316228772e3,0
501564954,0
725963074289721e3,0
20057958,0
107770718,0
176132696,0
4697733996,0
466778339,0
817473505138737e3,0
2431584731,0
975855791272899e3,0
8.7258192809589606e+17,0
1956337231,0
734667419055231e3,0
55978265,0
4097403076,0
635240156,0
100478654930373e4,0
1510658767,0
1720113186,0
162107420,0
1395094068,0
16566950,0
7.4898911921324006e+17,0
126740561,0
541701004,0
629637368,0
3125079352,0
888971388,0
46115947,0
912248913712878e3,0
452663788,0
502202926,0
325531298,0
295235772,0
88651169,0
224028657,0
351441209,0
2527843680,0
87773191,0
17227169,0
3045130141,0
964497048,0
4691678821,0
180789099,0
22385904,0
3125721,0
5408222,0
3221135170,0
839143912619065e3,0
116024178,0
8.7037068070927206e+17,0
3280942604,0
722035124,0
778844553654702e3,0
997126897510355e3,0
969313908996657e3,0
2970440088,0
21600581,0
222072379,0
449062816,0
17161988,0
2994980333,0
2483195359,0
776469136268468e3,0
48558738,0
70571056586025e4,0
823639239241978e3,0
870611914166075e3,0
2582065717,0
853033899307434e3,0
976923311203594e3,0
202021599,0
3865980015,0
153318570,0
17430749,0
82647225226274e4,0
911745969397666e3,0
21508477,0
126336452,0
1539033464,0
32756099,0
150471198,0
49556683,0
60486454,0
95371551,0
1720091066,0
3229379636,0
102278432,0
739374478875103e3,0
1407025496,0
761309759219835e3,0
211615661,0
2878555322,0
1345208706,0
794310914203931e3,0
22253528,0
100117689211914e4,0
556920560,0
276455585,0
265788295,0
111514637,0
2984747772,0
41771312,0
416409390,0
326142710,0
384192900,0
64454976,0
2651047838,0
727715806960886e3,0
16275246,0
894981889978749e3,0
83194438250915e4,0
1660351411,0
438064735,0
473903760,0
431926276,0
4417780395,0
252752794,0
2562466034,0
246206665,0
2945548339,0
3011597593,0
1016121144,0
202501551,0
336345679,0
3832701,0
1240280636,0
1566929401,0
1291366933,0
410490420,0
949101642716197e3,0
741803,0
3844032503,0
3306174104,0
910454923028034e3,0
415712164,0
382188635,0
3875097501,0
33781927,0
142647671,0
185697554,0
33905617,0
903976497953767e3,0
18279735,0
113621116,0
974834846882288e3,0
251367234,0
217343784,0
100411564351864e4,0
768616244371087e3,0
1260046290,0
988509278939083e3,0
1097921792,0
15299358,0
786386670,0
385740838,0
948655071990047e3,0
207263313,0
276697001,0
17581285,0
136843576,0
1481243730,0
5838832,0
6607842,0
491675216,0
334893312,0
374420755,0
100244016028017e4,0
598511984,0
99250770,0
999821546385543e3,0
2686783284,0
70942939,0
1947432638,0
105616012,0
32958518,0
92508756,0
421280460,0
775482854381945e3,0
2657695910,0
96524900,0
227677915,0
934791299626164e3,0
1596489572,0
571113031,0
1689018674,0
110755022,0
238438954,0
817190209158873e3,0
535245280,0
380118903,0
2322899086,0
85042481969911e4,0
3693824417,0
100297533278438e4,0
173013214,0
781588026258432e3,0
1869410826,0
715343000830874e3,0
228968505,0
3298237454,0
2927088450,0
237889601,0
490843264,0
124274151,0
85308860,0
132430802,0
100265938438683e4,0
60032776,0
1083843631,0
1185726823,0
2842025330,0
2772666145,0
76310410525875e4,0
16336127,0
2295425490,0
1285746631,0
2416441287,0
167576576,0
61575191,0
229638179,0
3483910522,0
248872621,0
66136628,0
14438869,0
75831717,0
127991361,0
239124442,0
13952992,0
356589396,0
179851420,0
447362512,0
61739052,0
22246509,0
9.5624485875848806e+17,0
52458357,0
887805154224767e3,0
352704376,0
231959424,0
947671695816561e3,0
2387763990,0
60672563,0
2196398845,0
29219238,0
1479553874,0
2343198944,0
17078099,0
736898378941014e3,0
9764372,0
1.0015421373753201e+18,0
218890798,0
895733712217756e3,0
56173323,0
926762824826622e3,0
332011447,0
110413359,0
62445711,0
17762951,0
2216572952,0
45515709,0
850722137728053e3,0
369253015,0
192455063,0
4034079677,0
2990622407,0
632088492,0
939459152438428e3,0
295582871,0
1226385684,0
108993524,0
874037091629498e3,0
3904320391,0
48051093,0
37818506,0
180055657,0
15500043,0
3068799588,0
7.5450916154776806e+17,0
979522812812677e3,0
27965496,0
150841206,0
4517574737,0
1101309968,0
100096108337128e4,0
100012854164269e4,0
2198923232,0
92634597,0
235686508,0
399572342,0
81098878573969e4,0
2486904016,0
997138255719162e3,0
823939969,0
79406851,0
3178470296,0
94727437,0
937954661709091e3,0
3161868138,0
122318079,0
784888486813893e3,0
836102877365989e3,0
912998183340511e3,0
20977078,0
21936892,0
103516223,0
79630638790307e4,0
1213167931,0
9.9984202567031194e+17,0
1226231006,0
10325272,0
566487096,0
946045708221735e3,0
955498247325389e3,0
69116537,0
88027843,0
2640122003,0
605248329,0
148885832,0
7020802,0
967845595934351e3,0
977740982748959e3,0
3218781653,0
4207676733,0
2544953329,0
4875464938,0
976982475304927e3,0
1652975983,0
7132602,0
47077309,0
938873356899664e3,0
41104026,0
900473359,0
835691393762787e3,0
24133327,0
399684723,0
47478138,0
952705014077694e3,0
897445854822511e3,0
97466535,0
949252160809787e3,0
3272486466,0
15838561,0
998404470106096e3,0
2317407186,0
49989866,0
3291377977,0
9.9829709630547994e+17,0
35065486,0
1243148846,0
2504786500,0
998675667838489e3,0
294240155,0
851420822,0
920417023267664e3,0
9991588787963e5,0
70250435,0
1548676328,0
1401693991,0
239982252,0
115549318,0
3808635677,0
2659510625,0
18369154,0
984859849207906e3,0
102778993,0
3023483599,0
998951411063771e3,0
884598456215646e3,0
831094674,0
800728770,0
9589012,0
374583045,0
2435967874,0
717263660419314e3,0
76000089,0
733181276,0
227715562,0
866585485522686e3,0
2798067318,0
87187773,0
983490797860479e3,0
16284661,0
387123940,0
969868208940384e3,0
3316053502,0
2278794943,0
807570649216586e3,0
4868367027,0
201860865,0
2435539730,0
1480909135,0
29900257,0
220845526,0
3439120937,0
185728020,0
271432759,0
4105002613,0
234875390,0
3103790508,0
969386001138405e3,0
2220269359,0
305712497,0
752827935904633e3,0
148318175,0
219145409,0
4895231054,0
904897627,0
3975299597,0
4754554760,0
312030061,0
19307466,0
934435681949987e3,0
21785016,0
91122760,0
411655178,0
1923721346,0
50424735,0
86841276,0
156463580,0
12895822,0
303001185,0
2839126987,0
2512123742,0
2742148168,0
2151955130,0
325542223,0
910953595809362e3,0
57991727,0
785599463184212e3,0
75812332,0
1699039021,0
16293934,0
2506774887,0
1309056440,0
479226018,0
969943139434861e3,0
509091855,0
41167968,0
2274948446,0
67378102,0
181079102,0
253175862,0
604110264,0
42812425,0
996934423957377e3,0
2637299954,0
887370176332784e3,0
815945889168687e3,0
1240034964,0
701737024,0
583697249,0
408195568,0
893210558337626e3,0
315510838,0
4813212614,0
2791937658,0
929766428126966e3,0
25997925,0
328501132,0
130018797,0
109543341,0
9.7836771195168794e+17,0
1046880396,0
4755853901,0
16521489,0
849683561515037e3,0
352504576,0
2481631290,0
4183015948,0
91975097,0
931464049145012e3,0
96799935,0
3241215179,0
19763957,0
15275320,0
38648816,0
524827769,0
311747610,0
387733093,0
2185083305,0
1422854809,0
6856082,0
2655795636,0
249452436,0
49280669,0
1252607024,0
838468013246595e3,0
632496424,0
940794661,0
14052038,0
8285172,0
4546118482,0
16056186,0
383258918,0
32990114,0
484069362,0
134033831,0
72059281,0
2305658245,0
15834260,0
746154863814414e3,0
370120889,0
316734410,0
2441733455,0
2540832512,0
2784033183,0
24436360,0
129399110,0
21930409,0
932281953742705e3,0
462670464,0
2967462059,0
3124186131,0
58682075,0
369471878,0
821789252409127e3,0
1399385084,0
27341494,0
26941165,0
245458717,0
547606253,0
1354268905,0
16961495,0
25128281,0
3384441298,0
531549158,0
380415205,0
127777519,0
382348112,0
32310331,0
611088666,0
2685481820,0
2910265868,0
1113237583,0
872535435897184e3,0
44798016,0
61792297,0
822521539635462e3,0
342951051,0
2317795400,0
268459624,0
785817953170174e3,0
996620995476668e3,0
741336421361844e3,0
1949101381,0
1876358780,0
889716302,0
448370724,0
8.1219786915107994e+17,0
21587757,0
128478624,0
787344719315661e3,0
456134688,0
3352435978,0
345606136,0
137417437,0
966598320,0
413856766,0
45831148,0
1673837552,0
19701374,0
318817776,0
3044575835,0
502127597,0
4377500553,0
3238441736,0
3436458020,0
904592118,0
320617497,0
218354756,0
490725670,0
20509869,0
1517466942,0
235026369,0
293792630,0
2591941171,0
17905357,0
409576747,0
17415903,0
14665235,0
45118646,0
777759548,0
2335507586,0
312723690,0
32320138,0
203340868,0
368551889,0
803525989364023e3,0
15845089,0
4201949304,0
23085971,0
20557874,0
902657874949804e3,0
3252863901,0
2476197614,0
18558046,0
935706650463429e3,0
807664650,0
77148221,0
2732537359,0
97249996,0
830777665187635e3,0
1619038002,0
1362068299,0
169661454,0
4696791578,0
439551485,0
15941004,0
47693465,0
159465774,0
14345385,0
731528393234125e3,0
223990779,0
51845353,0
543445262,0
21310383,0
1436536897,0
192708356,0
3047483159,0
270416217,0
246121846,0
597828729,0
989412479175279e3,0
885914853147365e3,0
4759003312,0
1393814610,0
61381719,0
97057675,0
146652422,0
223347024,0
311549868,0
2572306569,0
778310045280838e3,0
168284456,0
174127361,0
498075308,0
14140727,0
720675416957133e3,0
2864915543,0
909252506,0
836603178959389e3,0
34260029,0
547785312,0
106568918,0
1877226114,0
25229862,0
19401738,0
84438068,0
15470411,0
120542250,0
863501265002738e3,0
52127061,0
3140777168,0
1240305895,0
238724911,0
303985113,0
447795095,0
10047202,0
52423256,0
404270422,0
322061462,0
8.9203279625608806e+17,0
848076045836317e3,0
4837917539,0
994976704618738e3,0
473515472,0
932657569822228e3,0
987493026,0
3033529319,0
18378490,0
1004762520,0
842304685180617e3,0
791243288724382e3,0
302511239,0
89585744,0
913770537729577e3,0
2327718799,0
26456814,0
4693673593,0
66967138,0
4871900104,0
2852518869,0
2841746832,0
851468033847644e3,0
549080213,0
635518217,0
502471490,0
14850655,0
19195015,0
203971679,0
21316830,0
166986914,0
3438877996,0
454467224,0
159348430,0
2301804396,0
2752372500,0
887859101660742e3,0
14445725,0
730762493073723e3,0
2401865746,0
100640404,0
760968765811065e3,0
263019712,0
21704370,0
2700807170,0
1919750551,0
391542421,0
629960169,0
235232210,0
2635510360,0
14881591,0
889333361197683e3,0
167513443,0
4833040911,0
915453013988389e3,0
3301192874,0
853449102683628e3,0
701089758,0
50782791,0
77238370,0
7.2781924048979994e+17,0
332255201,0
543747289,0
31902710,0
2455763407,0
93513382814591e4,0
70214587,0
1283631936,0
975906974125773e3,0
2424495850,0
1360986049,0
408367060,0
421388771,0
3419356269,0
198048481,0
300803303,0
708106158851097e3,0
372975843,0
1568356658,0
870445816917262e3,0
264735943,0
2316370110,0
1586184541,0
11670602,0
277908923,0
870605305998135e3,0
488480041,0
992210434898907e3,0
1568638614,0
3147966959,0
987647357595673e3,0
29168005,0
2492690135,0
132826243,0
930359306012316e3,0
3124787771,0
548687105,0
1658957694,0
56478383,0
989648679303692e3,0
2183834275,0
49551308,0
21809405,0
126981072,0
324034745,0
884838271884247e3,0
392461085,0
1458596053,0
88514785,0
2470728001,0
1343601,0
964699472784773e3,0
355049830,0
82860204986873e4,0
95524387670451e4,0
850979224210907e3,0
417358822,0
2482559940,0
48275947,0
1450143692,0
319999152,0
16016889,0
14571425,0
128854137,0
941291792,0
3362706154,0
2570837789,0
785153,0
20330480,0
106102425,0
2935886190,0
2230037857,0
118404262,0
1944744026,0
24893795,0
124837956,0
806637560432759e3,0
48817398,0
3442162153,0
825239952464097e3,0
359838444,0
2245869649,0
960019850717315e3,0
70739578,0
1437859219,0
988755816630112e3,0
1145555100,0
7.4050989918088806e+17,0
501890850,0
402667757,0
15514594,0
14682030,0
2528403985,0
1411105375,0
720640194966381e3,0
3907454114,0
308006574,0
916428979149689e3,0
950825426,0
870874872,0
258341053,0
1713806628,0
162285784,0
372964308,0
108899342,0
803668055570215e3,0
997930951,0
957556813,0
877607959165108e3,0
856690234960097e3,0
3511866015,0
72500665742449e4,0
1324960710,0
1452216114,0
35742155,0
2983087275,0
879861864993366e3,0
3228528324,0
2458838743,0
3834837677,0
990232155170263e3,0
409479146,0
29910446,0
1358236452,0
4459547667,0
56472746,0
166979637,0
9.2413054555820006e+17,0
3215879897,0
3705039560,0
899733659032449e3,0
50455935,0
123642832,0
971796982628016e3,0
911152473242526e3,0
1362264654,0
25980350,0
815008278,0
947458513537679e3,0
3269467398,0
614549020,0
4560789095,0
520623567,0
2247685557,0
155257006,0
241836708,0
2742838870,0
130200197,0
21212031,0
791681702,0
55767626,0
824955876,0
714695702,0
987197536652972e3,0
968395669328118e3,0
422903360,0
344279239,0
2458018322,0
30400931,0
954582751,0
2171978279,0
513351911,0
701428234441904e3,0
2186540377,0
9.9086361138277606e+17,0
979993721742782e3,0
123001464,0
135354840,0
730162224011063e3,0
799835587104514e3,0
1002781992,0
939900503600828e3,0
1191219085,0
3136197989,0
86663517,0
28519566,0
2824825946,0
20582110,0
2968502236,0
1906015460,0
331169623,0
17572410,0
1087160287,0
1002602929,0
335456293,0
260441960,0
324312807,0
39146936,0
1585054705,0
733024236,0
817773937,0
144679159,0
302056492,0
11908512,0
84458844,0
342930403,0
254723559,0
457388568,0
834937212013666e3,0
924807169580597e3,0
1026754674,0
2728989915,0
198256395,0
3865424200,0
260966389,0
365517776,0
2753779192,0
421637677,0
968568233291895e3,0
3115038935,0
4177104303,0
363143381,0
554485844,0
989512075268575e3,0
2519232594,0
809733346443948e3,0
7.9892717271091994e+17,0
759716986938991e3,0
70304173,0
55667378,0
3402258700,0
87166196,0
194040982,0
51723354,0
2421075638,0
361413872,0
355761239,0
64077138,0
2520686929,0
211553898,0
451009465,0
15337258,0
577195836,0
49695027,0
24372558,0
987633449312899e3,0
56244797,0
2398600128,0
375958927,0
1682819497,0
127793358,0
1591172407,0
783128212784177e3,0
892117578763686e3,0
1719320342,0
278849221,0
376829434,0
123918343,0
396237618,0
3172034142,0
2391499352,0
492053451,0
271521413,0
1381727310,0
3699775453,0
17614656,0
1314437634,0
1690868335,0
1600995199,0
4156212497,0
1654031352,0
951044825431904e3,0
188751485,0
2278502966,0
1409000828,0
2304979278,0
764142824,0
3458230695,0
149076990,0
14124447,0
1503811051,0
572545357,0
866598352577868e3,0
768061498262491e3,0
49610064,0
8311872,0
958704333792645e3,0
1870709658,0
146398905,0
851445856221921e3,0
290991067,0
2765347915,0
2891945326,0
279448396,0
3067157958,0
335676938,0
56659101,0
40265341,0
750690452857324e3,0
47566011,0
353474188,0
210761190,0
3133982902,0
120579750,0
405639837,0
701342820829938e3,0
3353189699,0
8.6176721038525594e+17,0
966131671,0
285852581,0
988802288570413e3,0
738510448253886e3,0
804078602782462e3,0
899690604,0
42375455,0
38858641,0
19952936,0
2567621345,0
4649012385,0
948190262953521e3,0
2575351988,0
839613317400396e3,0
75365236,0
905347885717447e3,0
1651219795,0
371496788,0
3473589733,0
148779346,0
126762692,0
3352340475,0
985547982241018e3,0
925622314053485e3,0
469032850,0
443080236,0
763452332189319e3,0
3422749967,0
887219580,0
18605250,0
986869117,0
921311421996126e3,0
715271690,0
918023564,0
239418657,0
582834654,0
8.3304335940506394e+17,0
46295991,0
713694030,0
974561756,0
215035672,0
57090836,0
2622871,0
244345206,0
893330990285959e3,0
246697295,0
2876293431,0
72988325,0
271185207,0
240169894,0
2418257167,0
63697051,0
82416810908289e4,0
3928227981,0
29579432,0
2575331246,0
3199856542,0
49877495,0
321187178,0
779935649600111e3,0
958676246044578e3,0
141558224,0
1615649328,0
2390471618,0
4552714514,0
280608149,0
194986550,0
270593991,0
701602604225315e3,0
322646593,0
935319264235418e3,0
65278546,0
985885824272265e3,0
14805152,0
1519740002,0
75751445,0
22838969,0
2203330990,0
971119000284516e3,0
275684484,0
15793117,0
296664658,0
580053438,0
847772508199584e3,0
72792467077571e4,0
928020054494601e3,0
956256838701535e3,0
7561822,0
14165788,0
3025585828,0
445775398,0
269147553,0
802133106354438e3,0
361853445,0
882151626433151e3,0
3317963307,0
1570501231,0
23622967,0
39041291,0
81121776,0
849344834,0
842119866400268e3,0
914427136907239e3,0
2542331534,0
117961753,0
153772287,0
862530259,0
933796557568205e3,0
400578723,0
195350638,0
1343142362,0
787542782,0
21932021,0
714180173898224e3,0
771031736356524e3,0
976576615063933e3,0
1005204271,0
17116924,0
79797351,0
16741059,0
8.7049736198999194e+17,0
2891934803,0
2693057317,0
778773117036618e3,0
238759309,0
459813915,0
3428321386,0
154212355,0
84618490,0
4344097883,0
356379550,0
51380018,0
60571539,0
335375812,0
3230274342,0
104546774,0
339912234,0
81624303,0
965421042670846e3,0
14991595,0
915109070461391e3,0
81187491,0
983326005451518e3,0
229658775,0
961641603780829e3,0
851352476636905e3,0
27536935,0
2588261739,0
15869364,0
248433555,0
93512882,0
3898812795,0
351432837,0
559966263,0
948885784496554e3,0
303975361,0
130759670,0
269874553,0
3413328879,0
14592540,0
400243604,0
73121672,0
974379222838993e3,0
741154694706369e3,0
24112075,0
3963098057,0
1412148576,0
1144231098,0
86928715903504e4,0
378454293,0
49967284,0
733677292975755e3,0
276819143,0
4106130142,0
1922910733,0
23845411,0
3311381202,0
1894884626,0
78865528,0
3410491047,0
236657925,0
19752559,0
297276522,0
1266120740,0
2180348008,0
231219780,0
943814021840556e3,0
866200081,0
216834572,0
20858803,0
45784325,0
10062702,0
958450632,0
978017823837573e3,0
1451229235,0
96573481,0
708561918471049e3,0
191039826,0
726163782,0
49987859,0
259905720,0
636294950,0
4795262245,0
14778204,0
448810488,0
39952454,0
52911345,0
3407395173,0
597484412,0
621051166,0
265753880,0
63052804,0
176855830,0
366565209,0
848653989226975e3,0
19443637,0
636389056,0
461781592,0
738226746047091e3,0
275597880,0
1323535278,0
2157265328,0
985025112452743e3,0
115969666,0
766123274812162e3,0
845622734189187e3,0
4687052239,0
362787042,0
95487057,0
358688998,0
39885441,0
42608892,0
170299111,0
606022865,0
328391750,0
83005908901104e4,0
819894257632838e3,0
22581600,0
3212210277,0
208295078,0
103657358,0
29278059,0
94858116,0
949020636705382e3,0
1531004706,0
866440803270492e3,0
421982968,0
132520269,0
959240231684686e3,0
430626306,0
745875017263682e3,0
605055276,0
2984742628,0
228841076,0
553822186,0
2743537602,0
41877854,0
715375399698457e3,0
305339799,0
771515,0
2957630309,0
169920416,0
482544555,0
18692844,0
3038666106,0
761630952,0
107187019,0
1198827140,0
3244399892,0
67516281,0
2328062460,0
190517193,0
3582509776,0
225482270,0
29916355,0
335813397,0
501615793,0
880413148511162e3,0
43720952,0
4196705921,0
936777187281142e3,0
468133901,0
14147405,0
3244725141,0
45459119,0
484053528,0
118526360,0
48754597,0
97569115,0
483355268,0
734578981954032e3,0
307426065,0
2496252829,0
98084721928378e4,0
150793837,0
99074345,0
1019022577,0
848521106,0
19964193,0
735272926723772e3,0
936251950206718e3,0
257590908,0
904636879265559e3,0
198965749,0
46792675,0
3229475660,0
3696200237,0
305435784,0
384005567,0
8.7972688516439194e+17,0
940375677387362e3,0
18671177,0
229792396,0
3620145972,0
17913060,0
17518751,0
2949582959,0
47983023,0
890677933,0
2801382936,0
984468016527217e3,0
315068824,0
103089127,0
224858727,0
1940158490,0
58366806,0
1474838324,0
1226262866,0
21828411,0
1519964137,0
892119763,0
235832591,0
8.7183159376946406e+17,0
3393810064,0
280207e3,0
38346831,0
3227994824,0
924764793906647e3,0
865581426145612e3,0
329777677,0
278738679,0
1449538302,0
3001349463,0
929276953,0
3155492870,0
796479090790437e3,0
2511247075,0
15737390,0
9.2323685936215194e+17,0
896471332010906e3,0
17839035,0
1076992416,0
238718955,0
750277522525393e3,0
877016607117066e3,0
153509272,0
17564796,0
600277449,0
1040390580,0
31905234,0
766330634281316e3,0
259982135,0
392345125,0
224795986,0
297517371,0
2491600901,0
933234731591778e3,0
62209827,0
219058446,0
111166277,0
1420994827,0
1893338408,0
192726967,0
127558611,0
241812546,0
98097855154033e4,0
3131680294,0
948592087783674e3,0
2988161387,0
2462608489,0
92422705,0
732687032775025e3,0
23945081,0
2428872590,0
134223616,0
18932695,0
2692439855,0
31054537,0
2784613812,0
500676814,0
93556226,0
881588162962883e3,0
319745170,0
2278069864,0
757810671941587e3,0
39744293,0
223100053,0
53963585,0
709355866181476e3,0
1120606291,0
532680394,0
14770222,0
19299865,0
932439782,0
4746534743,0
418569431,0
4007247493,0
2478307464,0
534407597,0
92842375,0
100717795,0
402714712,0
845010900553798e3,0
79974999,0
946084929728807e3,0
424131409,0
282325939,0
1631108580,0
842332760752718e3,0
351623004,0
573452266,0
118122792,0
266246862,0
43746157,0
960983650459357e3,0
879320767607034e3,0
825493201,0
1327021478,0
4644151113,0
791033804269974e3,0
61454445,0
45789712,0
8.5070210215442406e+17,0
456279015,0
90631790,0
78420357,0
249498213,0
935823614074647e3,0
801774837840679e3,0
976418851452871e3,0
365430085,0
935461177211212e3,0
1048768194,0
437756746,0
1033156902,0
431882774,0
1021733912,0
2371820439,0
226088003,0
2790297544,0
575651882,0
2842726522,0
380822484,0
74343140405112e4,0
74584032,0
19907048,0
453378355,0
828345032918827e3,0
89640356,0
27218609,0
1614430207,0
937030157881299e3,0
705200283,0
3080224992,0
60901510,0
2420146172,0
930147260385522e3,0
967170163702366e3,0
1683946441,0
28962717,0
50770355,0
758748757,0
3195790651,0
43064548,0
970554068899791e3,0
44554883,0
323382991,0
92236028,0
892615692436025e3,0
573025439,0
4487896272,0
15870797,0
1746954571,0
925582899381903e3,0
142208856,0
3010426722,0
795965382326678e3,0
1263371696,0
868822922525147e3,0
9.4189742587424794e+17,0
1922036270,0
2973406683,0
963295325103501e3,0
352684272,0
154566789,0
229189375,0
2739717474,0
324102635,0
129994281,0
33691305,0
408015701,0
3012251411,0
3131693050,0
3491880317,0
10950512,0
14658455,0
546531965,0
183745446,0
2837127738,0
357276483,0
26089718,0
2408626928,0
559008099,0
882397596114854e3,0
325353322,0
240550762,0
15688463,0
939970163344101e3,0
493471835,0
28489158,0
1250096852,0
455398593,0
778547520,0
2235238184,0
736014906466566e3,0
3754470497,0
3730603636,0
17910383,0
27343058,0
15089446,0
19803653,0
109785821,0
9853742,0
37944818,0
1092867511,0
453693457,0
2635101344,0
4675593912,0
252337807,0
9411432,0
776402106,0
156617316,0
299077590,0
473172840,0
876459636,0
2239814438,0
1192000932,0
630503722,0
4306512501,0
16526606,0
14342125,0
972472060004807e3,0
114194095,0
28160132,0
25374288,0
320964060,0
383112754,0
78938458,0
78459415,0
396644504,0
769139343717827e3,0
2507262852,0
1695588793,0
717175335272354e3,0
481648221,0
32538361,0
630306035,0
15231924,0
2686648323,0
28130264,0
155695567,0
69133574,0
6039832,0
919644318578676e3,0
2220010032,0
927388958597763e3,0
916756791282848e3,0
11963792,0
82255891496953e4,0
3253754380,0
1534579099,0
4705488523,0
3025437868,0
15565250,0
620118826,0
779479750460969e3,0
163298152,0
398065277,0
989035658,0
850028740881068e3,0
332633347,0
2212627135,0
1320130406,0
7.1240922920275994e+17,0
946473588785328e3,0
738580842050556e3,0
19947604,0
877278310732095e3,0
348152742,0
68583134,0
45550994,0
34722030,0
2801614122,0
2695641107,0
2557681249,0
269455e3,0
525781563,0
826276462902858e3,0
766419606235914e3,0
223755756,0
358422415,0
2919819041,0
585045889,0
817133222484177e3,0
2230347670,0
15988840,0
833787443140821e3,0
535209393,0
1409778128,0
14153314,0
269362547,0
340502275,0
144726426,0
572476928,0
176608663,0
920708757302022e3,0
100075676,0
935995440792785e3,0
177318290,0
811996461797753e3,0
779981584237728e3,0
961071224033104e3,0
2717413910,0
792898929834721e3,0
2699574133,0
58083474,0
932283874868126e3,0
9530911821329e5,0
28238766,0
748202052824666e3,0
91913937,0
1419783056,0
1919681462,0
96279099,0
3094670283,0
533472925,0
1571967648,0
335823089,0
8.5267896209440794e+17,0
203297002,0
8874082,0
6606412,0
408944267,0
968560167620051e3,0
1397701171,0
831398755920445e3,0
3327110610,0
114968487,0
286722153,0
48944724,0
1961524176,0
104737386,0
2418101,0
34677653,0
584755447,0
15707118,0
521314116,0
66129085,0
2280036840,0
1639889605,0
951665733859234e3,0
961801647876866e3,0
521497341,0
127159325,0
224493319,0
275634827,0
762783991,0
126196506,0
51909512,0
49232912,0
25859467,0
2493450091,0
1481653032,0
228472221,0
704014731384918e3,0
242644454,0
9576272,0
911262145198875e3,0
282661978,0
323729843,0
1464887040,0
4898893678,0
30347681,0
15066774,0
94237853,0
782588382652215e3,0
1674149876,0
771283625774047e3,0
3070187416,0
817810646,0
94298843,0
77803191,0
108881273,0
79602420,0
1010218537,0
4796017895,0
14185590,0
166964493,0
754624,0
42030850,0
841955070384181e3,0
4676947580,0
2253379987,0
34981206,0
1000252830,0
16884676,0
224175250,0
17581779,0
354537284,0
3402169582,0
74674538822547e4,0
2272292952,0
14286782,0
152965565,0
624266740,0
1633122344,0
52913949,0
2180511132,0
7220752,0
2464553708,0
68089183,0
1222592605,0
14888109,0
3300739737,0
17941900,0
137488499,0
14059458,0
4567235352,0
18364355,0
589481114,0
456888472,0
128275616,0
32264463,0
714985283490451e3,0
755250576347333e3,0
278635150,0
743782149589918e3,0
34853454,0
115993144,0
13541462,0
18977571,0
3068354767,0
2940736259,0
1728313302,0
893609359011434e3,0
2586040044,0
742737889809838e3,0
209880703,0
798911304278966e3,0
4861433579,0
862642152,0
15448732,0
2801237340,0
2377969267,0
867412497086788e3,0
268848871,0
371762066,0
631590094,0
391924916,0
138283502,0
310855369,0
282815200,0
305338639,0
605559986,0
8085782,0
150285577,0
89952267,0
830096139047178e3,0
517883384,0
19731907,0
1370857472,0
546474178,0
93241327,0
921269952,0
356266427,0
251834449,0
552373117,0
3387393707,0
305894233,0
2525581,0
15107147,0
728020910544814e3,0
2176483988,0
2209422770,0
10166632,0
765438083609293e3,0
2531391488,0
1498512194,0
197414307,0
977954910821126e3,0
511107318,0
2400129041,0
35775673,0
75694920,0
47585226,0
211685001,0
293148093,0
64040493,0
44957497,0
923591443549245e3,0
1113292854,0
2002711,0
142666059,0
14989014,0
786048823340577e3,0
88036623,0
136304231,0
741998231714828e3,0
34039629,0
263539649,0
973486593909633e3,0
283450020,0
177756862,0
1937084113,0
9.8283582435295206e+17,0
3091072475,0
237460234,0
2209576801,0
812816965144289e3,0
89607240,0
4759331149,0
149064720,0
771808466159673e3,0
913604186096288e3,0
8.8495990461165594e+17,0
48625562,0
1471341,0
828163266132193e3,0
205538285,0
492463980,0
75925693574513e4,0
4497086253,0
937975762300178e3,0
48720555,0
15731671,0
847307741932564e3,0
1715370056,0
156959224,0
21728966,0
389260230,0
218522977,0
165919593,0
3962707632,0
33148054,0
886206732007068e3,0
1439272374,0
271098761,0
118573146,0
23938124,0
94529497,0
1327266882,0
777321260,0
425745533,0
2423301446,0
38796604,0
241406006,0
217732843,0
574901585,0
19912603,0
26155124,0
953293789195657e3,0
19861439,0
165062058,0
484343944,0
2613038322,0
58253815,0
490460042,0
18238982,0
207142689,0
1015219975,0
1602770780,0
132923323,0
127351644,0
66208721,0
3158342829,0
159474803,0
2408060936,0
214200685,0
93524537,0
18899103,0
2832470440,0
890396887,0
923895746595885e3,0
55573459,0
300207207,0
98095383572328e4,0
19971183,0
834599363871654e3,0
294922490,0
553412903,0
1382304337,0
2496309691,0
2496648012,0
483307777,0
301687349,0
2946162720,0
967711175491322e3,0
133444127,0
89565672,0
63106543,0
926461602504815e3,0
2158970839,0
53318351,0
45811469,0
20539563,0
185796318,0
20660973,0
2544177302,0
21711700,0
326142866,0
524373530,0
844995162971542e3,0
79171931832098e4,0
1388112362,0
3092381638,0
2924790128,0
735580694508933e3,0
922299968,0
4686586766,0
4764390812,0
814826774,0
3244024266,0
824824220727271e3,0
8017162,0
208941048,0
57269852,0
15534499,0
2187965728,0
2815061928,0
1383218460,0
2805170803,0
27308517,0
2859066473,0
625957584,0
2985464775,0
859902784346501e3,0
39300781,0
82673140,0
4558061,0
80369333,0
4174303269,0
578248950,0
154927871,0
2693937444,0
121339890,0
304837258,0
612241583,0
28080228,0
262429770,0
17938175,0
56893721,0
4105672579,0
780557690002997e3,0
307010869,0
952032715,0
2872535697,0
25260440,0
13879052,0
875599623900889e3,0
6273062,0
371128987,0
43186378,0
873692543954727e3,0
1075660638,0
3309312769,0
282542188,0
490491088,0
385088563,0
635695568,0
979216434323747e3,0
4905911655,0
6268332,0
2192783298,0
573229610,0
113504862,0
238958057,0
14581089,0
1309971,0
835831,0
16344033,0
69195566,0
975786175830155e3,0
1106523116,0
825174604423557e3,0
17950857,0
712598138901643e3,0
4771935931,0
319005485,0
4837892399,0
19128749,0
14629263,0
381057249,0
2443048706,0
1888111382,0
957284042633826e3,0
3010351855,0
15807938,0
47863138,0
3185655109,0
229999094,0
2787254215,0
270816085,0
1601901936,0
404848659,0
124808532,0
91640970,0
2738276940,0
734273689,0
2239881902,0
80044720402022e4,0
436255679,0
554300827,0
18087442,0
791593759062499e3,0
585034738,0
2355386972,0
700611380,0
253754300,0
21135674,0
3321739006,0
482324496,0
1396268474,0
144568687,0
19312658,0
275876677,0
3168141,0
3334828595,0
240126837,0
776767332458893e3,0
216252880,0
327583592,0
174880636,0
1641065208,0
397856050,0
140739727,0
523216510,0
3436216222,0
12292352,0
283637884,0
96604883,0
9961182,0
14081363,0
74590501,0
736617973,0
71902118,0
891086955475333e3,0
1308811981,0
882514351567106e3,0
2565129803,0
419185498,0
105207452,0
29217958,0
90190335164167e4,0
3862001,0
714110776903135e3,0
2374042093,0
2203710336,0
16082089,0
9579832,0
272384813,0
962732997475799e3,0
14351134,0
98301004,0
52240912,0
2557630364,0
797069642221101e3,0
110909307,0
902445611563094e3,0
148782667,0
722831458310554e3,0
62687409,0
2485621615,0
452355286,0
31627276,0
758301113661596e3,0
975473648,0
20961603,0
14148482,0
303830078,0
22658204,0
1681247737,0
4689900308,0
258956144,0
543981616,0
54199732,0
62091349,0
1241814552,0
89062942,0
1411187382,0
404107193,0
2840786109,0
912475626,0
51763835,0
144214513,0
172176348,0
333277784,0
360126609,0
2726856502,0
21287438,0
86786449,0
983145853371073e3,0
197662233,0
2924006571,0
334461893,0
152352020,0
72413277,0
311975129,0
2440258777,0
761255329699095e3,0
956522632005935e3,0
900422940465836e3,0
98792382,0
